{
  "classPriors": {
    "double_bottom": 0.16666666666666666,
    "double_top": 0.16666666666666666,
    "flag": 0.16666666666666666,
    "head_and_shoulders": 0.16666666666666666,
    "none": 0.16666666666666666,
    "triangle": 0.16666666666666666
  },
  "featureNames": [
    "total_return_pct",
    "volatility_pct",
    "mean_abs_return_pct",
    "max_drawdown_pct",
    "max_runup_pct",
    "pivot_high_count",
    "pivot_low_count",
    "top_similarity_pct",
    "bottom_similarity_pct",
    "middle_retrace_pct",
    "head_height_pct",
    "shoulder_similarity_pct",
    "upper_slope_pct",
    "lower_slope_pct",
    "range_compression_pct",
    "impulse_return_pct",
    "post_impulse_return_pct",
    "average_body_to_range",
    "average_upper_wick_pct",
    "average_lower_wick_pct",
    "volume_trend_pct",
    "volume_volatility_pct",
    "close_shape_00",
    "close_shape_01",
    "close_shape_02",
    "close_shape_03",
    "close_shape_04",
    "close_shape_05",
    "close_shape_06",
    "close_shape_07",
    "close_shape_08",
    "close_shape_09",
    "close_shape_10",
    "close_shape_11",
    "close_shape_12",
    "close_shape_13",
    "close_shape_14",
    "close_shape_15"
  ],
  "labels": [
    "double_bottom",
    "double_top",
    "flag",
    "head_and_shoulders",
    "none",
    "triangle"
  ],
  "means": {
    "double_bottom": [
      1.505820761897325,
      0.4122305225371889,
      0.3500717469973924,
      -7.936468928281129,
      10.274910709264683,
      2.701388888888889,
      3.2319444444444443,
      25.424205398072736,
      2.0534626445709914,
      4.37928659713783,
      -1.9026028512441033,
      1.4159110195160192,
      1.5430114609868892,
      1.582197209715136,
      2.920427846222739,
      -7.486631657557728,
      9.732814287702531,
      0.5155608129939627,
      24.184697900932647,
      24.259220799671095,
      0.12451258335700989,
      23.53212513443551,
      0.0,
      -1.2698035702549524,
      -4.502656614156817,
      -6.941217506688309,
      -7.392132626324933,
      -5.3820079956998,
      -2.9642671376711887,
      -1.3361167840678776,
      -2.03820707693292,
      -4.3851564868904,
      -6.7427323674118576,
      -7.449262793998181,
      -5.635846673859503,
      -2.772796584210125,
      0.37300361356598505,
      1.505820761897325
    ],
    "double_top": [
      -1.5092662280701894,
      0.3836313043049126,
      0.3252532427446197,
      -8.799117230180316,
      7.98481601532874,
      3.261111111111111,
      2.7222222222222223,
      1.6125944207815526,
      24.625543686260976,
      5.501391432854535,
      -0.8856126164886546,
      0.31824117698459814,
      -1.5791193318168875,
      -1.5511173031356698,
      3.0622727799725897,
      7.52819148759288,
      -8.396736039352335,
      0.5157467264064098,
      24.188634938770534,
      24.236692420588483,
      0.21984047507184318,
      23.554537800012778,
      0.0,
      1.2756832636367048,
      4.528422578988377,
      6.953851602475592,
      7.416673905378033,
      5.410044803054546,
      2.9911929056464523,
      1.3466293710111343,
      2.0561446847301688,
      4.414717602368528,
      6.795876997089925,
      7.480156737732568,
      5.7070427214464985,
      2.8056712181463688,
      -0.36109330046777566,
      -1.5092662280701894
    ],
    "flag": [
      0.2639429440872119,
      0.304739934626301,
      0.25322760968165503,
      -6.521032407440685,
      7.406344639360746,
      6.877777777777778,
      6.2972222222222225,
      0.8082725341749158,
      0.742700971436585,
      1.6685100183730688,
      -1.7122396795246886,
      3.7977062191345485,
      0.3997289685917681,
      0.35844532069290214,
      -30.879052347736565,
      0.37083636036164935,
      0.15360987323637956,
      0.4473701095952476,
      27.600835468929407,
      27.662153571545886,
      0.21548389962100908,
      23.550062943774705,
      0.0,
      0.07647535319450331,
      0.19400546198088348,
      0.28517798966964236,
      0.578960981548348,
      1.245513550955687,
      0.3908342822609211,
      -0.5404414341569334,
      0.06101708858331797,
      1.0743386814111258,
      0.9639195890878964,
      -0.3161499908763402,
      -0.49403866141973807,
      0.5203684336536535,
      1.1442542514575544,
      0.2639429440872119
    ],
    "head_and_shoulders": [
      -2.474595908907967,
      0.43141409327040264,
      0.35829214513585156,
      -10.605755302868898,
      9.088233736725977,
      4.041666666666667,
      3.345833333333333,
      4.00108447936709,
      0.43862027541202164,
      4.843892053399907,
      4.633617019304954,
      0.267902842098009,
      -2.595456008935661,
      -2.563866075749616,
      18.83598122247134,
      1.2941554341504202,
      -3.719465370027707,
      0.5225243189669909,
      23.81926973407942,
      23.92829836922149,
      0.18918416760467618,
      23.462549307842735,
      0.0,
      1.4013087710687715,
      3.7822923327820672,
      3.1586371807059908,
      1.0360013497728617,
      2.180711434552124,
      5.841486544277575,
      8.705262573020176,
      6.385513237790244,
      1.6897851467140292,
      1.7171888161331632,
      3.6483580474604946,
      4.015515404626039,
      2.021553781611865,
      -1.15804360313054,
      -2.474595908907967
    ],
    "none": [
      -0.18300943662582322,
      0.6500347104421376,
      0.5224318378898275,
      -6.819461836804619,
      7.099076059733146,
      12.306944444444444,
      12.3125,
      0.6224169511153587,
      0.6994916575435363,
      2.5590067575429414,
      -0.01784320638517378,
      3.576083462614174,
      0.012424368399111065,
      -0.4288971019436721,
      5.140873831014321,
      -0.03272964725143848,
      -0.170690680433939,
      0.5551070756772767,
      22.22924926595895,
      22.260043166313412,
      -0.05352163269541106,
      23.5264456190769,
      0.0,
      0.03315864151429367,
      -0.07405567251027376,
      -0.13520373469313388,
      -0.01334875290460197,
      -0.10291953876307704,
      -0.035327304530006494,
      -0.10557942510237481,
      -0.08291028316975926,
      -0.06992439943393286,
      0.04699119250261782,
      -0.05347573742357261,
      -0.17416035660294968,
      -0.21594060709713642,
      -0.23947348088418477,
      -0.18300943662582322
    ],
    "triangle": [
      -3.880663238905185,
      0.6614450748509421,
      0.5397703716626137,
      -11.682638574837467,
      12.38425395233595,
      3.834722222222222,
      3.8930555555555557,
      1.8797564505039357,
      2.0275215022546655,
      8.107253394787824,
      0.02786061422317197,
      3.943334408367861,
      -4.064854313171798,
      -4.073810622934232,
      -61.08999912077098,
      -4.089455242896072,
      0.38783725661424007,
      0.5683489820992762,
      21.604088441421702,
      21.561013348650754,
      0.3364013866337772,
      23.4883937286186,
      0.0,
      -3.0075767620008604,
      -7.748720468415653,
      -7.2371962779556425,
      -3.4425085391962864,
      -1.325834452351713,
      -3.6251899927688354,
      -6.4542611784509685,
      -6.104273158149553,
      -3.6713074455100734,
      -2.583879615113343,
      -4.079577776249188,
      -5.447183293301963,
      -5.222465397108123,
      -4.078283730430243,
      -3.880663238905185
    ]
  },
  "modelType": "GaussianNaiveBayesClassifier",